raw_id,raw_name,source_key,source_section,normalized_name,canonical_key,canonical_final_name,concept_summary,status,status_reason
1,Meta Language Creation,white2023,Input Semantics,meta language creation,meta_language_creation,,Define custom shorthand notation/semantics for the LLM to use in the rest of the conversation.,EXCLUDED_OUT_OF_SCOPE,Writable single-prompt pattern but not selected in final curated 29; Input-Semantics category not represented in final sheet.
2,Output Automater,white2023,Output Customization,output automater,output_automater,OutputAutomater,Have the LLM generate a script/artifact that automates any steps it recommends in its output.,INCLUDED,Exact name+concept source pattern (White).
3,Persona,white2023,Output Customization,persona,persona,Role / Persona Prompting,"Give the LLM a persona/role to adopt, shaping the style and focus of its output.",INCLUDED,Exact concept source pattern (White); name extended to 'Role / Persona Prompting' in final sheet via Pass-3 merge with Schulhoff's 'Role Prompting'.
4,Visualization Generator,white2023,Output Customization,visualization generator,visualization_generator,VisualizationGenerator,"Generate textual input (e.g. Graphviz DOT, DALL-E prompt) for another tool to render a visualization.",INCLUDED,Exact concept source pattern (White); American spelling used in final sheet.
5,Recipe,white2023,Output Customization,recipe,recipe,Recipe,"Given a goal and partial known steps, have the LLM produce the complete ordered sequence, filling/flagging steps.",INCLUDED,Exact name+concept source pattern (White).
6,Template,white2023,Output Customization,template,template,Template,Provide a literal template with placeholders; LLM inserts generated content and preserves structure.,INCLUDED,Exact name+concept source pattern (White).
7,Fact Check List,white2023,Error Identification,fact check list,fact_check_list,FactCheckList,"LLM generates a list of facts the output depends on, placed at a specific point, for user verification.",INCLUDED,Exact concept source pattern (White).
8,Reflection,white2023,Error Identification,reflection,reflection,Reflection,LLM automatically explains the reasoning/assumptions behind its own answer after producing it.,INCLUDED,Exact name+concept source pattern (White).
9,Question Refinement,white2023,Prompt Improvement,question refinement,question_refinement,Question Refinement,LLM always suggests a better/more refined version of the user's question within a given scope.,INCLUDED,Exact name+concept source pattern (White).
10,Alternative Approaches,white2023,Prompt Improvement,alternative approaches,alternative_approaches,Alternative Approaches,"LLM always lists alternative ways to accomplish the same task, optionally with pros/cons.",INCLUDED,Exact name+concept source pattern (White).
11,Cognitive Verifier,white2023,Prompt Improvement,cognitive verifier,cognitive_verifier,CognitiveVerifier,"LLM subdivides a question into clarifying sub-questions, then combines answers into the final answer.",INCLUDED,Exact concept source pattern (White).
12,Refusal Breaker,white2023,Prompt Improvement,refusal breaker,refusal_breaker,RefusalBreaker,"Whenever the LLM refuses to answer, it explains why and offers alternative phrasings it could answer.",INCLUDED,Exact concept source pattern (White).
13,Flipped Interaction,white2023,Interaction,flipped interaction,flipped_interaction,FlippedInteraction,LLM drives the conversation by asking the user questions until a goal/condition is reached.,INCLUDED,Exact concept source pattern (White); independently confirmed by Fagbohun 2024.
14,Game Play,white2023,Interaction,game play,game_play,GamePlay,"Frame the task as a game around a topic, with defined rules; LLM generates game content/scenarios.",INCLUDED,Exact concept source pattern (White).
15,Infinite Generation,white2023,Interaction,infinite generation,infinite_generation,InfiniteGeneration,LLM generates a continuous/repeated stream of outputs without the user re-entering the prompt each time.,INCLUDED,Exact concept source pattern (White).
16,Context Manager,white2023,Context Control,context manager,context_manager,ContextManager,"User explicitly specifies what context to include/exclude, optionally resetting context entirely.",INCLUDED,Exact concept source pattern (White).
17,Zero-Shot Prompting,schulhoff2024,2.2.1 ICL,zero shot prompting,zero_shot,Zero-Shot Prompting,"Task performed with no exemplars, via direct instruction.",INCLUDED,Exact name+concept source pattern.
18,Few-Shot Prompting,schulhoff2024,2.2.1 ICL,few shot prompting,few_shot,Few-Shot Prompting,Task demonstrated via a small number of input/output exemplars in the prompt.,INCLUDED,Exact name+concept source pattern.
19,Role Prompting,schulhoff2024,2.2.1.3 ICL,role prompting,persona,Role / Persona Prompting,Assign GenAI a specific role/persona; explicitly noted by authors as a.k.a. Persona Prompting.,INCLUDED,Pass-3 synonym merge into Persona (paper itself equates the two terms).
20,Style Prompting,schulhoff2024,2.2.1.3 ICL,style prompting,style_prompting,,"Specify desired style, tone, or genre directly in the prompt.",EXCLUDED_OUT_OF_SCOPE,Not selected in final curated 29.
21,Emotion Prompting,schulhoff2024,2.2.1.3 ICL,emotion prompting,emotion_prompting,,Incorporate psychologically-relevant phrases (e.g. 'this is important to my career') into the prompt.,EXCLUDED_OUT_OF_SCOPE,Not selected in final curated 29 (duplicate also in Sahoo).
22,System 2 Attention (S2A),schulhoff2024,2.2.1.3 ICL,system 2 attention s2a,s2a,,"Two-step: LLM rewrites prompt to remove irrelevant info, then answers using the cleaned prompt.",EXCLUDED_WORKFLOW,"Two-call pipeline (regenerate context, then answer)."
23,SimToM,schulhoff2024,2.2.1.3 ICL,simtom,simtom,,"Two-prompt process: establish what one entity knows, then answer based only on those facts.",EXCLUDED_WORKFLOW,Two-call pipeline.
24,Rephrase and Respond (RaR),schulhoff2024,2.2.1.3 ICL,rephrase and respond rar,rar,RAR,"LLM rephrases/expands the question before answering, single or two-step.",INCLUDED,"Exact concept source pattern; also in Sahoo, Vatsal&Dubey."
25,Re-reading (RE2),schulhoff2024,2.2.1.3 ICL,re reading re2,re2,RE2,Adds 'Read the question again:' + repeats the question text to improve reasoning.,INCLUDED,Exact name+concept source pattern.
26,Self-Ask,schulhoff2024,2.2.1.3 ICL,self ask,self_ask,,"LLM decides if follow-up questions are needed, generates/answers them, then answers original question.",EXCLUDED_WORKFLOW,Multi-step pipeline (decide -> generate sub-Qs -> answer sub-Qs -> answer original).
27,Self-Generated ICL (SG-ICL),schulhoff2024,2.2.1.2 ICL,self generated icl sg icl,sg_icl,,LLM generates its own exemplars rather than a human supplying them.,EXCLUDED_WORKFLOW,Generation pipeline.
28,Exemplar Ordering,schulhoff2024,2.2.1.1 ICL,exemplar ordering,exemplar_ordering,,Design decision: sequence of few-shot exemplars affects output.,EXCLUDED_OUT_OF_SCOPE,"Design heuristic, not a discrete prompt pattern."
29,Exemplar Selection - KNN,schulhoff2024,2.2.1.2 ICL,exemplar selection knn,knn_selection,,Algorithmic selection of exemplars most similar to the test input.,EXCLUDED_WORKFLOW,"Algorithmic/offline technique, not a writable prompt."
30,Exemplar Selection - Vote-K,schulhoff2024,2.2.1.2 ICL,exemplar selection vote k,votek_selection,,"Two-stage algorithm to select diverse, representative exemplars.",EXCLUDED_WORKFLOW,Algorithmic/offline technique.
31,Instruction Selection,schulhoff2024,2.2.1.1 ICL,instruction selection,instruction_selection,InstructionSelection,Choosing/optimizing the instruction text used in a prompt.,INCLUDED,Exact name source pattern (concept simplified in final sheet to direct candidate-selection framing).
32,Prompt Mining,schulhoff2024,2.2.1.2 ICL,prompt mining,prompt_mining,,Corpus-analysis technique to discover optimal template middle-words.,EXCLUDED_WORKFLOW,"Offline corpus-mining method, not a writable prompt."
33,Chain-of-Thought (CoT) Prompting,schulhoff2024,2.2.2 Thought Gen,chain of thought cot prompting,cot,Chain-of-Thought (CoT),Few-shot or zero-shot prompt eliciting explicit step-by-step reasoning before the final answer.,INCLUDED,"Exact name+concept source pattern; also in Sahoo, Vatsal&Dubey, Fagbohun."
34,Zero-Shot CoT,schulhoff2024,2.2.2.1 Thought Gen,zero shot cot,cot,Chain-of-Thought (CoT),CoT variant with zero exemplars; appends a thought-inducing phrase like 'Let's think step by step.',INCLUDED,Pass-3 merge into CoT -- this IS the canonical example phrasing used for the final CoT pattern's prompt.
35,Step-Back Prompting,schulhoff2024,2.2.2.1 Thought Gen,step back prompting,step_back,,LLM first asked a generic high-level question about relevant concepts before detailed reasoning.,EXCLUDED_WORKFLOW,"Two-step pipeline (abstract question, then reasoning); duplicate concept in Sahoo/Vatsal&Dubey ('Take a Step Back')."
36,Analogical Prompting,schulhoff2024,2.2.2.1 Thought Gen,analogical prompting,analogical_prompting,,LLM automatically generates its own relevant exemplars (incl. CoTs) before solving.,EXCLUDED_WORKFLOW,Self-generation pipeline; duplicate concept in Vatsal&Dubey ('Analogical Reasoning').
37,Thread-of-Thought (ThoT),schulhoff2024,2.2.2.1 Thought Gen,thread of thought thot,thot,,Alternate thought-inducer phrase tailored to long/complex contexts; two-phase summarize-then-answer.,EXCLUDED_WORKFLOW,Two-phase pipeline; duplicate concept in Sahoo/Vatsal&Dubey.
38,Tabular CoT (Tab-CoT),schulhoff2024,2.2.2.1 Thought Gen,tabular cot tab cot,tab_cot,,Zero-Shot CoT variant outputting reasoning as a markdown table.,EXCLUDED_OUT_OF_SCOPE,Minor output-formatting variant of CoT; not selected separately.
39,Few-Shot CoT,schulhoff2024,2.2.2.2 Thought Gen,few shot cot,cot,Chain-of-Thought (CoT),Exemplars in the prompt include full chains-of-thought (not just answers).,INCLUDED,Pass-3 merge into CoT -- exemplar-based variant of the same canonical pattern.
40,Active-Prompting,schulhoff2024,2.2.2.2 Thought Gen,active prompting,active_prompting,,Uncertainty/disagreement across LLM-solved training Qs used to select exemplars for human re-annotation.,EXCLUDED_WORKFLOW,Training-time/offline pipeline; duplicate concept in Sahoo/Vatsal&Dubey.
41,Auto-CoT,schulhoff2024,2.2.2.2 Thought Gen,auto cot,auto_cot,,"Automatically generates CoT exemplars via zero-shot CoT, then builds a few-shot CoT prompt.",EXCLUDED_WORKFLOW,Automated exemplar-generation pipeline; duplicate concept in Sahoo/Vatsal&Dubey.
42,Complexity-Based Prompting,schulhoff2024,2.2.2.2 Thought Gen,complexity based prompting,complex_cot,Complex CoT,"Selects complex exemplars + samples multiple reasoning chains, majority-vote weighted by chain length.",INCLUDED,Pass-3 concept merge into Complex CoT (same idea as Vatsal&Dubey/Sahoo's 'Complex CoT'); simplified to single-prompt framing in final sheet.
43,Contrastive CoT Prompting,schulhoff2024,2.2.2.2 Thought Gen,contrastive cot prompting,contrastive_cot,,Exemplars include both correct AND incorrect explanations to show the model how not to reason.,EXCLUDED_OUT_OF_SCOPE,Not selected in final curated 29 (duplicate concept also in Vatsal&Dubey).
44,Memory-of-Thought Prompting,schulhoff2024,2.2.2.2 Thought Gen,memory of thought prompting,memory_of_thought,,Retrieves similar reasoned instances from unlabeled training data at test time to build a CoT prompt.,EXCLUDED_WORKFLOW,Retrieval pipeline.
45,Uncertainty-Routed CoT,schulhoff2024,2.2.2.2 Thought Gen,uncertainty routed cot,uncertainty_routed_cot,,"Samples multiple CoT paths, picks majority if above confidence threshold, else falls back to greedy.",EXCLUDED_WORKFLOW,Ensembling/sampling pipeline.
46,Decomposed Prompting (DECOMP),schulhoff2024,2.2.3 Decomposition,decomposed prompting decomp,decomp,,"Few-shot prompts the LLM to use specific sub-functions, often separate LLM/tool calls.",EXCLUDED_WORKFLOW,Agentic sub-function delegation pipeline; duplicate concept in Vatsal&Dubey.
47,Faithful Chain-of-Thought,schulhoff2024,2.2.3 Decomposition,faithful chain of thought,faithful_cot,,CoT combining natural language and symbolic/code reasoning.,EXCLUDED_WORKFLOW,Dual reasoning-track pipeline.
48,Least-to-Most Prompting,schulhoff2024,2.2.3 Decomposition,least to most prompting,least_to_most,Least-to-Most,"LLM decomposes problem into sub-problems (unsolved), then solves them sequentially.",INCLUDED,Exact name+concept source pattern; also in Vatsal&Dubey.
49,Plan-and-Solve Prompting,schulhoff2024,2.2.3 Decomposition,plan and solve prompting,plan_and_solve,Plan-and-Solve (PS / PS+),Zero-Shot CoT variant: 'Let's first understand the problem and devise a plan... then carry it out.',INCLUDED,Exact name+concept source pattern; also in Vatsal&Dubey (source of PS/PS+ naming).
50,Program-of-Thoughts,schulhoff2024,2.2.3 Decomposition,program of thoughts,program_of_thoughts,,LLM generates code as reasoning steps; external interpreter executes it.,EXCLUDED_WORKFLOW,Tool-use pipeline; duplicate concept in Sahoo/Vatsal&Dubey.
51,Recursion-of-Thought,schulhoff2024,2.2.3 Decomposition,recursion of thought,recursion_of_thought,,Recursively spins off sub-problems into separate LLM calls when reasoning hits complexity.,EXCLUDED_WORKFLOW,Recursive multi-call pipeline.
52,Skeleton-of-Thought,schulhoff2024,2.2.3 Decomposition,skeleton of thought,skeleton_of_thought,,"Generates a skeleton of sub-questions, solves them in parallel via separate calls, concatenates.",EXCLUDED_WORKFLOW,Parallel multi-call pipeline; loosely echoed by Fagbohun's single-prompt 'Skeleton-of-Thought' framing (still excluded for consistency with canonical origin).
53,Tree-of-Thought (ToT),schulhoff2024,2.2.3 Decomposition,tree of thought tot,tot,,"Generates/evaluates a tree of multiple possible reasoning steps, with search/branching/backtracking.",EXCLUDED_WORKFLOW,Multi-call search pipeline; duplicate concept in Sahoo/Vatsal&Dubey/Fagbohun.
54,Metacognitive Prompting,schulhoff2024,2.2.3 Decomposition,metacognitive prompting,metacognitive_prompting,,"5-step prompt chain mimicking human metacognition (clarify, judge, evaluate, confirm, assess confidence).",EXCLUDED_WORKFLOW,Multi-step chain; duplicate concept in Vatsal&Dubey ('MP').
55,Demonstration Ensembling (DENSE),schulhoff2024,2.2.4 Ensembling,demonstration ensembling dense,dense,,Multiple few-shot prompts with different exemplar subsets; aggregate outputs.,EXCLUDED_WORKFLOW,Multi-call ensembling pipeline.
56,Mixture of Reasoning Experts (MoRE),schulhoff2024,2.2.4 Ensembling,mixture of reasoning experts more,more,,Multiple specialized prompts (different reasoning types); best answer selected by agreement score.,EXCLUDED_WORKFLOW,Multi-call ensembling pipeline.
57,Max Mutual Information Method,schulhoff2024,2.2.4 Ensembling,max mutual information method,max_mutual_info,,Multiple prompt template variants scored by mutual information; optimal one selected.,EXCLUDED_WORKFLOW,Multi-call selection pipeline.
58,Self-Consistency,schulhoff2024,2.2.4 Ensembling,self consistency,self_consistency,,"Sample multiple diverse reasoning chains (temp>0), majority-vote the final answer.",EXCLUDED_WORKFLOW,Multi-call ensembling pipeline; duplicate concept in Sahoo/Vatsal&Dubey.
59,Universal Self-Consistency,schulhoff2024,2.2.4 Ensembling,universal self consistency,universal_self_consistency,,"Like Self-Consistency, but majority vote performed by inserting all outputs into another LLM prompt.",EXCLUDED_WORKFLOW,Multi-call ensembling pipeline.
60,Meta-Reasoning over Multiple CoTs,schulhoff2024,2.2.4 Ensembling,meta reasoning over multiple cots,meta_cot,,"Generates multiple reasoning chains, feeds all into one prompt to produce a final answer.",EXCLUDED_WORKFLOW,Multi-call pipeline.
61,DiVeRSe,schulhoff2024,2.2.4 Ensembling,diverse,diverse,,Multiple prompts each with Self-Consistency; scores reasoning paths step-by-step.,EXCLUDED_WORKFLOW,Multi-call ensembling pipeline.
62,Consistency-based Self-adaptive Prompting (COSP),schulhoff2024,2.2.4 Ensembling,consistency based self adaptive prompting cosp,cosp,,Builds few-shot CoT prompt from high-agreement Zero-Shot CoT + Self-Consistency outputs.,EXCLUDED_WORKFLOW,Multi-call ensembling pipeline.
63,Universal Self-Adaptive Prompting (USP),schulhoff2024,2.2.4 Ensembling,universal self adaptive prompting usp,usp,,Generalization of COSP using unlabeled data and a complex scoring function.,EXCLUDED_WORKFLOW,Multi-call ensembling pipeline.
64,Prompt Paraphrasing,schulhoff2024,2.2.4 Ensembling,prompt paraphrasing,prompt_paraphrasing,,Generates reworded variants of a prompt (same meaning) for use in an ensemble.,EXCLUDED_WORKFLOW,"Data-augmentation technique for ensembling, not a single writable prompt."
65,Self-Calibration,schulhoff2024,2.2.5 Self-Criticism,self calibration,self_calibration,SelfCalibration,"LLM answers, then a second prompt asks whether the answer is correct, for confidence estimation.",INCLUDED,Pass-3 concept merge -- simplified to single-prompt confidence/consistency framing in final sheet.
66,Self-Refine,schulhoff2024,2.2.5 Self-Criticism,self refine,self_refine,,Iterative critique-then-revise loop until a stopping condition is met.,EXCLUDED_WORKFLOW,Iterative multi-step pipeline; duplicate concept in Sahoo/Vatsal&Dubey.
67,Reversing Chain-of-Thought (RCoT),schulhoff2024,2.2.5 Self-Criticism,reversing chain of thought rcot,reverse_cot,Reverse CoT,"Reconstructs the problem from the generated answer, compares to original to find inconsistencies.",INCLUDED,"Pass-3 concept merge -- simplified in final sheet to 'answer first, then justify' single-prompt framing."
68,Self-Verification,schulhoff2024,2.2.5 Self-Criticism,self verification,self_verification,SelfVerification,"Generates multiple candidate CoT solutions, scores each by masking parts of the question and predicting them.",INCLUDED,Pass-3 concept merge -- simplified to single-prompt generate+verify framing in final sheet.
69,Chain-of-Verification (CoVe),schulhoff2024,2.2.5 Self-Criticism,chain of verification cove,cove,,"Generate answer, generate verification questions, answer them, produce revised final answer.",EXCLUDED_WORKFLOW,Four-step pipeline; duplicate concept in Sahoo/Vatsal&Dubey.
70,Cumulative Reasoning,schulhoff2024,2.2.5 Self-Criticism,cumulative reasoning,cumulative_reasoning,,"Generates candidate steps, LLM evaluates/accepts/rejects them, checks for completion, repeats.",EXCLUDED_WORKFLOW,Iterative multi-step pipeline.
71,Output Formatting / Answer Shape & Space (vocabulary terms),schulhoff2024,1.2.1 Terminology / 2.5 Answer Engineering,output formatting answer shape & space vocabulary terms,schema_specs,SchemaSpecs,"Prompt component / answer-engineering concept: instructing the LLM to output information in a defined structure/format (CSV, XML, JSON, fixed schema) and constraining the answer shape/space accordingly.",INCLUDED,EDITORIAL SYNTHESIS: not a single named 'pattern' in any source paper's technique catalog; 'SchemaSpecs' in the final sheet was derived by combining this Schulhoff vocabulary concept with White's Template pattern's implicit schema-following behaviour. Flagged transparently as the one final pattern without a direct 1:1 named source.
72,Zero-Shot Prompting,sahoo2024,2.1,zero shot prompting,zero_shot,Zero-Shot Prompting,"Task description only, no examples, relies on pretrained knowledge.",INCLUDED,Pass-2 exact-name multi-paper duplicate.
73,Few-Shot Prompting,sahoo2024,2.1,few shot prompting,few_shot,Few-Shot Prompting,A few input-output exemplars included to induce task understanding.,INCLUDED,Pass-2 exact-name multi-paper duplicate.
74,Chain-of-Thought (CoT) Prompting,sahoo2024,2.2,chain of thought cot prompting,cot,Chain-of-Thought (CoT),Elicits step-by-step intermediate reasoning before the final answer.,INCLUDED,Pass-2 exact-name multi-paper duplicate.
75,Automatic CoT (Auto-CoT),sahoo2024,2.2,automatic cot auto cot,auto_cot,,Automatically generates diverse CoT exemplars.,EXCLUDED_WORKFLOW,Pipeline; duplicate concept.
76,Self-Consistency,sahoo2024,2.2,self consistency,self_consistency,,"Samples multiple reasoning chains, majority-votes final answer.",EXCLUDED_WORKFLOW,Ensembling pipeline; duplicate.
77,Logical CoT (LogiCoT) Prompting,sahoo2024,2.2,logical cot logicot prompting,logicot,,Neurosymbolic think-verify-revise loop using reductio ad absurdum.,EXCLUDED_WORKFLOW,Multi-step verification pipeline.
78,Chain-of-Symbol (CoS) Prompting,sahoo2024,2.2,chain of symbol cos prompting,cos,,Uses condensed symbols instead of natural language for spatial reasoning.,EXCLUDED_OUT_OF_SCOPE,Narrow notation variant; not selected.
79,Tree-of-Thoughts (ToT) Prompting,sahoo2024,2.2,tree of thoughts tot prompting,tot,,Tree of intermediate thoughts combined with BFS/DFS search.,EXCLUDED_WORKFLOW,Multi-call search pipeline; duplicate.
80,Graph-of-Thoughts (GoT) Prompting,sahoo2024,2.2,graph of thoughts got prompting,got,,Models reasoning as a directed graph allowing backtracking/aggregation.,EXCLUDED_WORKFLOW,Multi-call pipeline; duplicate (Fagbohun).
81,System 2 Attention (S2A) Prompting,sahoo2024,2.2,system 2 attention s2a prompting,s2a,,"Two-step: regenerate clean context, then answer.",EXCLUDED_WORKFLOW,Two-call pipeline; duplicate.
82,Thread of Thought (ThoT) Prompting,sahoo2024,2.2,thread of thought thot prompting,thot,,"Segments long/chaotic context, summarizes/analyzes incrementally.",EXCLUDED_WORKFLOW,Two-phase pipeline; duplicate.
83,Chain-of-Table Prompting,sahoo2024,2.2,chain of table prompting,chain_of_table,,Step-by-step tabular reasoning via dynamically generated/executed SQL/DataFrame ops.,EXCLUDED_WORKFLOW,Tool-use pipeline; duplicate (Vatsal&Dubey).
84,Self-Refine Prompting,sahoo2024,2.2,self refine prompting,self_refine,,Iterative 3-step generate-critique-revise loop.,EXCLUDED_WORKFLOW,Iterative pipeline; duplicate.
85,Code Prompting,sahoo2024,2.2,code prompting,code_prompting,,Reformulates an NL reasoning task as structured code.,EXCLUDED_OUT_OF_SCOPE,Task-specific reformulation; not selected.
86,Self-Harmonized CoT (ECHO) Prompting,sahoo2024,2.2,self harmonized cot echo prompting,echo,,3-stage cluster/sample/unify pipeline for CoT exemplar harmonization.,EXCLUDED_WORKFLOW,Offline training pipeline.
87,Logic-of-Thought Prompting,sahoo2024,2.2,logic of thought prompting,logic_of_thought,,3-phase extract/extend/translate propositional-logic augmentation.,EXCLUDED_WORKFLOW,Multi-stage pipeline.
88,Instance-Adaptive Prompting (IAP),sahoo2024,2.2,instance adaptive prompting iap,iap,,Dynamically tailors the CoT trigger phrase per-instance via attention-saliency analysis.,EXCLUDED_WORKFLOW,"Algorithmic/analysis-driven, not a static writable prompt."
89,End-to-End DAG-Path (EEDP) Prompting,sahoo2024,2.2,end to end dag path eedp prompting,eedp,,"Preprocesses graphs into DAGs, extracts/compresses backbone paths.",EXCLUDED_WORKFLOW,External preprocessing pipeline.
90,Layer-of-Thoughts (LoT) Prompting,sahoo2024,2.2,layer of thoughts lot prompting,layer_of_thoughts,,Hierarchical 3-layer constraint-based filtering for legal retrieval.,EXCLUDED_WORKFLOW,Multi-stage pipeline.
91,Narrative-of-Thought (NoT) Prompting,sahoo2024,2.2,narrative of thought not prompting,narrative_of_thought,,3-component structural/template/demo pipeline for temporal-graph construction.,EXCLUDED_WORKFLOW,Multi-stage pipeline.
92,Buffer of Thoughts (BoT) Prompting,sahoo2024,2.2,buffer of thoughts bot prompting,buffer_of_thoughts,,"Meta-buffer of reusable distilled thought-templates, retrieved/instantiated per problem.",EXCLUDED_WORKFLOW,"Persistent-system/buffer-manager architecture, not a single prompt."
93,Contrastive Denoising with Noisy CoT (CD-CoT),sahoo2024,2.2,contrastive denoising with noisy cot cd cot,cd_cot,,"Contrasts noisy vs clean rationales, rephrases, selects/votes on best path.",EXCLUDED_WORKFLOW,Multi-step pipeline.
94,Reverse Chain-of-Thought (R-CoT) Prompting,sahoo2024,2.2,reverse chain of thought r cot prompting,r_cot_dataset_pipeline,,2-stage dataset-generation pipeline (GeoChain + Reverse A&Q) for geometric training data.,EXCLUDED_WORKFLOW,Dataset-generation pipeline -- NOT the same concept as the simple 'answer-then-justify' Reverse CoT.
95,Chain of Draft (CoD) Prompting,sahoo2024,2.2,chain of draft cod prompting,chain_of_draft,,Constrains each CoT step to be extremely concise/information-dense.,EXCLUDED_OUT_OF_SCOPE,Efficiency-style constraint variant of CoT; not selected.
96,Retrieval Augmented Generation (RAG),sahoo2024,2.3,retrieval augmented generation rag,rag,,Retrieves external documents and inserts them into the prompt context.,EXCLUDED_WORKFLOW,Requires external retrieval system; tool-use pipeline.
97,ReAct Prompting,sahoo2024,2.3,react prompting,react,,Interleaves reasoning traces and external tool/API actions in a loop.,EXCLUDED_WORKFLOW,Agentic pipeline.
98,Chain-of-Verification (CoVe) Prompting,sahoo2024,2.3,chain of verification cove prompting,cove,,4-step generate/plan-verify/answer/revise pipeline.,EXCLUDED_WORKFLOW,Multi-step pipeline; duplicate.
99,Chain-of-Note (CoN) Prompting,sahoo2024,2.3,chain of note con prompting,con,,RALM technique: evaluate/filter retrieved document relevance before answering.,EXCLUDED_WORKFLOW,Requires retrieval system; pipeline.
100,Chain-of-Knowledge (CoK) Prompting,sahoo2024,2.3,chain of knowledge cok prompting,cok,,Reasoning-preparation + dynamic-knowledge-adaptation phases pulling from internal/external sources.,EXCLUDED_WORKFLOW,Multi-stage pipeline; duplicate.
101,Active-Prompting,sahoo2024,2.4,active prompting,active_prompting,,Uncertainty-based active-learning selection of exemplars for human annotation.,EXCLUDED_WORKFLOW,Offline/training-time pipeline; duplicate.
102,Automatic Prompt Engineer (APE),sahoo2024,2.5,automatic prompt engineer ape,ape,,LLM generates and RL-selects optimal instructions automatically.,EXCLUDED_WORKFLOW,"Automated prompt-search algorithm, not a writable prompt pattern."
103,Automatic Reasoning and Tool-use (ART),sahoo2024,2.6,automatic reasoning and tool use art,art,,Automates multi-step reasoning + external tool integration via structured programs.,EXCLUDED_WORKFLOW,Agentic pipeline.
104,Contrastive Chain-of-Thought (CCoT) Prompting,sahoo2024,2.7,contrastive chain of thought ccot prompting,contrastive_cot,,Provides both valid AND invalid reasoning demonstrations in the exemplars.,EXCLUDED_OUT_OF_SCOPE,Not selected (duplicate concept of Schulhoff's Contrastive CoT).
105,Emotion Prompting,sahoo2024,2.8,emotion prompting,emotion_prompting,,Appends emotional-stimulus phrases to the prompt to improve performance.,EXCLUDED_OUT_OF_SCOPE,Not selected (duplicate of Schulhoff's Emotion Prompting).
106,Scratchpad Prompting,sahoo2024,2.9,scratchpad prompting,scratchpad,,Lets the model generate an arbitrary sequence of intermediate tokens before the final answer.,EXCLUDED_OUT_OF_SCOPE,Originally a fine-tuning/task-design method; not a general writable prompt.
107,Program of Thoughts (PoT) Prompting,sahoo2024,2.9,program of thoughts pot prompting,program_of_thoughts,,"Generates executable code as reasoning steps, computed by an external interpreter.",EXCLUDED_WORKFLOW,Tool-use pipeline; duplicate.
108,Structured CoT (SCoT) Prompting,sahoo2024,2.9,structured cot scot prompting,scot,Structured CoT (SCoT),Incorporates program structures (sequence/branch/loop) explicitly into reasoning steps for code generation.,INCLUDED,Exact name+concept source pattern (also Vatsal&Dubey).
109,Chain-of-Code (CoC) Prompting,sahoo2024,2.9,chain of code coc prompting,coc,,Formats semantic sub-tasks as pseudocode executed/simulated by an interpreter.,EXCLUDED_WORKFLOW,Tool-use pipeline; duplicate.
110,Optimization by Prompting (OPRO),sahoo2024,2.10,optimization by prompting opro,opro,,Uses the LLM as an iterative optimizer over a problem description across iterations.,EXCLUDED_WORKFLOW,"Automated optimization loop, not a single writable prompt."
111,Rephrase and Respond (RaR) Prompting,sahoo2024,2.11,rephrase and respond rar prompting,rar,RAR,LLM rephrases/expands the question before answering.,INCLUDED,Pass-2 exact-name multi-paper duplicate.
112,Take a Step Back / Step-Back Prompting,sahoo2024,2.12,take a step back step back prompting,step_back,,"Two-step: ask a generic high-level/abstraction question, then reason from it.",EXCLUDED_WORKFLOW,Two-step pipeline; duplicate concept (Schulhoff's Step-Back Prompting).
113,Basic/Standard/Vanilla Prompting,vatsal2024,2.1,basic standard vanilla prompting,zero_shot,Zero-Shot Prompting,Direct query to the LLM with no engineering/scaffolding.,INCLUDED,Pass-3 concept merge into Zero-Shot Prompting (used near-interchangeably with zero-shot baseline in this literature).
114,Chain-of-Thought (CoT),vatsal2024,2.2,chain of thought cot,cot,Chain-of-Thought (CoT),Step-by-step reasoning chain before the final answer.,INCLUDED,Pass-2 exact-name multi-paper duplicate.
115,Self-Consistency,vatsal2024,2.3,self consistency,self_consistency,,"Samples multiple reasoning paths, majority-votes final answer.",EXCLUDED_WORKFLOW,Ensembling pipeline; duplicate.
116,Ensemble Refinement (ER),vatsal2024,2.4,ensemble refinement er,ensemble_refinement,,2-stage temperature-sampling + majority-vote refinement pipeline.,EXCLUDED_WORKFLOW,Multi-call pipeline.
117,Automatic CoT (Auto-CoT),vatsal2024,2.5,automatic cot auto cot,auto_cot,,"Cluster queries, generate representative zero-shot CoT exemplars automatically.",EXCLUDED_WORKFLOW,Pipeline; duplicate.
118,Complex CoT,vatsal2024,2.6,complex cot,complex_cot,Complex CoT,Selects most complex exemplars + majority-votes over the most complex of N sampled reasoning chains.,INCLUDED,Exact name+concept source pattern (canonical source for 'Complex CoT' naming).
119,Program-of-Thoughts (PoT),vatsal2024,2.7,program of thoughts pot,program_of_thoughts,,"Generates Python code as reasoning, executed by interpreter.",EXCLUDED_WORKFLOW,Tool-use pipeline; duplicate.
120,Least-to-Most,vatsal2024,2.8,least to most,least_to_most,Least-to-Most,"Decompose into sub-problems, solve sequentially.",INCLUDED,Pass-2 exact-name multi-paper duplicate.
121,Chain-of-Symbol (CoS),vatsal2024,2.9,chain of symbol cos,cos,,Represents spatial relationships via condensed symbols instead of NL.,EXCLUDED_OUT_OF_SCOPE,Narrow notation variant; not selected; duplicate of Sahoo.
122,Structured Chain-of-Thought (SCoT),vatsal2024,2.10,structured chain of thought scot,scot,Structured CoT (SCoT),Structuring reasoning via program constructs (sequence/branch/loop) for code generation.,INCLUDED,Pass-2 exact-name multi-paper duplicate (also Sahoo).
123,Plan-and-Solve (PS),vatsal2024,2.11,plan and solve ps,plan_and_solve,Plan-and-Solve (PS / PS+),"Devise a plan, then carry it out step by step; PS+ adds detailed instructions.",INCLUDED,Pass-2 exact-name multi-paper duplicate (also Schulhoff); source of 'PS/PS+' naming in final sheet.
124,MathPrompter,vatsal2024,2.12,mathprompter,mathprompter,,4-step algebraic-expression / analytic-solve / numeric-verify pipeline.,EXCLUDED_WORKFLOW,Multi-step verification pipeline.
125,Contrastive CoT / Contrastive Self-Consistency,vatsal2024,2.13,contrastive cot contrastive self consistency,contrastive_cot,,Provides both positive AND negative reasoning demonstrations.,EXCLUDED_OUT_OF_SCOPE,Not selected; duplicate concept of Schulhoff/Sahoo.
126,Federated Same/Diff Parameter Self-Consistency/CoT (Fed-SP/DP-SC/CoT),vatsal2024,2.14,federated same diff parameter self consistency cot fed sp dp sc cot,fed_sp_dp,,Uses paraphrased crowd-sourced queries federated together for reasoning.,EXCLUDED_WORKFLOW,Multi-query ensembling pipeline.
127,Analogical Reasoning,vatsal2024,2.15,analogical reasoning,analogical_prompting,,LLM generates its own relevant exemplars before solving.,EXCLUDED_WORKFLOW,Self-generation pipeline; duplicate concept (Schulhoff's Analogical Prompting).
128,Synthetic Prompting,vatsal2024,2.16,synthetic prompting,synthetic_prompting,,LLM generates synthetic backward/forward exemplar pairs to augment few-shot prompts.,EXCLUDED_WORKFLOW,Training-data-generation pipeline.
129,Tree-of-Thoughts (ToT),vatsal2024,2.17,tree of thoughts tot,tot,,Tree-structured search over reasoning steps with BFS/DFS.,EXCLUDED_WORKFLOW,Multi-call search pipeline; duplicate.
130,Logical Thoughts (LoT),vatsal2024,2.18,logical thoughts lot,logical_thoughts_vd,,Step-by-step reasoning + step-by-step verification via Reductio ad Absurdum.,EXCLUDED_WORKFLOW,Multi-step verification pipeline.
131,Maieutic Prompting,vatsal2024,2.19,maieutic prompting,maieutic,,"Recursive generation of abductive explanations/propositions in a tree, eliminating contradictions.",EXCLUDED_WORKFLOW,Recursive multi-call pipeline.
132,Verify-and-Edit (VE),vatsal2024,2.20,verify and edit ve,verify_and_edit,,3-stage detect-uncertain / edit-via-retrieval / re-derive pipeline.,EXCLUDED_WORKFLOW,Retrieval pipeline.
133,Reason + Act (ReAct),vatsal2024,2.21,reason act react,react,,Interleaves reasoning traces and external actions.,EXCLUDED_WORKFLOW,Agentic pipeline; duplicate.
134,Active-Prompt,vatsal2024,2.22,active prompt,active_prompting,,4-step uncertainty-based active-learning selection of exemplars for human annotation.,EXCLUDED_WORKFLOW,Offline pipeline; duplicate.
135,Thread-of-Thought (ThoT),vatsal2024,2.23,thread of thought thot,thot,,"2-step: summarize/analyze context sections, then answer.",EXCLUDED_WORKFLOW,Pipeline; duplicate.
136,Implicit Retrieval Augmented Generation (Implicit RAG),vatsal2024,2.24,implicit retrieval augmented generation implicit rag,implicit_rag,,LLM itself retrieves relevant chunks/sections from given context before answering.,EXCLUDED_WORKFLOW,2-stage extract+answer pipeline.
137,System 2 Attention (S2A),vatsal2024,2.25,system 2 attention s2a,s2a,,"Two-step: regenerate clean context, then answer.",EXCLUDED_WORKFLOW,Two-call pipeline; duplicate.
138,Instructed Prompting,vatsal2024,2.26,instructed prompting,instructed_prompting,,Single explicit instruction telling the LLM to ignore irrelevant info.,EXCLUDED_OUT_OF_SCOPE,Not selected separately for final 29; S2A-adjacent single instruction variant.
139,Chain-of-Verification (CoVe),vatsal2024,2.27,chain of verification cove,cove,,4-step generate/verify/answer/revise pipeline.,EXCLUDED_WORKFLOW,Multi-step pipeline; duplicate.
140,Chain-of-Knowledge (CoK),vatsal2024,2.28,chain of knowledge cok,cok,,3-stage reasoning-prep / knowledge-adapt / answer-consolidation pipeline.,EXCLUDED_WORKFLOW,Multi-stage pipeline; duplicate.
141,Chain-of-Code (CoC),vatsal2024,2.29,chain of code coc,coc,,"Formats sub-tasks as pseudocode, simulated by an 'LMulator'.",EXCLUDED_WORKFLOW,Tool-use pipeline; duplicate.
142,Program-Aided Language Models (PAL),vatsal2024,2.30,program aided language models pal,pal,,"Interleaved NL + code reasoning, executed by Python interpreter.",EXCLUDED_WORKFLOW,Tool-use pipeline.
143,Binder,vatsal2024,2.31,binder,binder,,Neural-symbolic technique mapping input to an executable program (parse+execute).,EXCLUDED_WORKFLOW,Tool-use pipeline.
144,Dater,vatsal2024,2.32,dater,dater,,"Decomposes table into sub-tables + query into SQL sub-computations, 3-step pipeline.",EXCLUDED_WORKFLOW,Tool-use pipeline.
145,Chain-of-Table,vatsal2024,2.33,chain of table,chain_of_table,,3-step iterative table-operation planning/execution pipeline.,EXCLUDED_WORKFLOW,Tool-use pipeline; duplicate.
146,Decomposed Prompting (DecomP),vatsal2024,2.34,decomposed prompting decomp,decomp,,Decomposes into sub-problems delegated to sub-problem-specific LLM callers/decomposers.,EXCLUDED_WORKFLOW,Agentic pipeline; duplicate.
147,Three-Hop Reasoning (THOR),vatsal2024,2.35,three hop reasoning thor,thor,,3-step identify-aspect / infer-opinion / infer-polarity pipeline for sentiment analysis.,EXCLUDED_WORKFLOW,Multi-step pipeline.
148,Metacognitive Prompting (MP),vatsal2024,2.36,metacognitive prompting mp,metacognitive_prompting,,5-stage understand/judge/evaluate/decide/assess-confidence pipeline.,EXCLUDED_WORKFLOW,Multi-step pipeline; duplicate.
149,Chain-of-Event (CoE),vatsal2024,2.37,chain of event coe,coe,,4-step event extraction/generalization/filtering/integration pipeline for summarization.,EXCLUDED_WORKFLOW,Multi-step pipeline.
150,Basic with Term Definitions,vatsal2024,2.38,basic with term definitions,basic_term_defs,,Basic prompt + domain term definitions appended.,EXCLUDED_OUT_OF_SCOPE,Narrow/task-specific; paper notes it underperforms; not generalizable.
151,Basic + Annotation Guideline + Error Analysis Prompting,vatsal2024,2.39,basic annotation guideline error analysis prompting,basic_guideline_error,,Composite prompt: task instructions + annotation-guideline rules + error-analysis-derived corrections.,EXCLUDED_OUT_OF_SCOPE,Highly task-specific composite (clinical NER); not generalizable.
152,Chain-of-Thought (CoT) Prompting,fagbohun2024,2.1 Logical/Sequential,chain of thought cot prompting,cot,Chain-of-Thought (CoT),Sequential step-by-step processing of complex queries into explainable intermediary steps.,INCLUDED,Pass-2 exact-name multi-paper duplicate.
153,Chain-of-Thought Factored Decomposition Prompting,fagbohun2024,2.1 Logical/Sequential,chain of thought factored decomposition prompting,cot_factored_decomp,,Combines CoT with explicit decomposition into subcomponents before sequential reasoning.,EXCLUDED_WORKFLOW,Decomposition+CoT hybrid pipeline; not selected.
154,Tree-of-Thoughts (ToT) / Graph-of-Thoughts (GoT) Prompting,fagbohun2024,2.1 Logical/Sequential,tree of thoughts tot graph of thoughts got prompting,tot,,"Decision tree / graph of reasoning paths for branching, creative exploration.",EXCLUDED_WORKFLOW,Multi-call pipeline; duplicate concept.
155,Skeleton-of-Thought (SoT) Prompting,fagbohun2024,2.1 Logical/Sequential,skeleton of thought sot prompting,skeleton_of_thought,,Gives the model a structured high-level 'skeleton' template to fill in for the response.,EXCLUDED_WORKFLOW,Canonically a parallel multi-call decoding pipeline (Ning et al. 2023); kept excluded for cross-paper consistency despite Fagbohun's single-prompt-style example.
156,In-Context Prompting,fagbohun2024,2.2 Contextual/Memory,in context prompting,in_context_prompting,,Maintaining/leveraging conversational context/history across turns within the context window.,EXCLUDED_OUT_OF_SCOPE,"General capability/property of multi-turn use, not a discrete writable single-prompt pattern."
157,Multi-Personas Prompting,fagbohun2024,2.2 Contextual/Memory,multi personas prompting,persona,Role / Persona Prompting,Switching the LLM between different named personas/characters across turns/queries.,INCLUDED,Pass-3 concept merge into Persona (variant framing of the same underlying pattern).
158,Conversational Prompting,fagbohun2024,2.2 Contextual/Memory,conversational prompting,conversational_prompting,,Crafting prompts that mimic natural back-and-forth human conversation.,EXCLUDED_OUT_OF_SCOPE,General style descriptor; not selected.
159,Socratic Prompting,fagbohun2024,2.2 Contextual/Memory,socratic prompting,socratic_prompting,,Leads the model/user to a conclusion via a structured series of probing questions.,EXCLUDED_OUT_OF_SCOPE,Not selected; conceptually adjacent to Question Refinement/Flipped Interaction but kept distinct & excluded.
160,Show-me versus Tell-me Prompting,fagbohun2024,2.3 Specificity/Targeting,show me versus tell me prompting,show_tell,,Explicitly instructing the LLM to either demonstrate or describe a concept.,EXCLUDED_OUT_OF_SCOPE,Not selected.
161,Target-your-response (TAR) Prompting,fagbohun2024,2.3 Specificity/Targeting,target your response tar prompting,tar,,Directs the response toward a specific target/format/length for relevance and brevity.,EXCLUDED_OUT_OF_SCOPE,Not selected; conceptually close to Template/SchemaSpecs but kept distinct & excluded.
162,Prompt Macros and End-goal Planning,fagbohun2024,2.3 Specificity/Targeting,prompt macros and end goal planning,prompt_macros,,Combines many potential micro-queries into one larger macro prompt aimed at an overarching goal.,EXCLUDED_OUT_OF_SCOPE,Not selected; conceptually close to Recipe but kept distinct & excluded.
163,Contrastive Prompting,fagbohun2024,2.3 Specificity/Targeting,contrastive prompting,contrastive_prompting_simple,,"Asks the model to compare/contrast two concepts, objects, or ideas.",EXCLUDED_OUT_OF_SCOPE,Not selected; conceptually close to Alternative Approaches but kept distinct & excluded.
164,Self-reflection Prompting,fagbohun2024,2.4 Meta-Cognition,self reflection prompting,reflection,Reflection,Asks the model to evaluate/critique its own prior answer (e.g. 'Are you sure about that?').,INCLUDED,Pass-3 concept merge into Reflection (simpler single-turn framing of same underlying pattern).
165,Meta-Prompting,fagbohun2024,2.4 Meta-Cognition,meta prompting,meta_prompting_simple,,Guides the LLM to reflect on/improve its own prompting process and methodology.,EXCLUDED_OUT_OF_SCOPE,Not selected; distinct from Schulhoff's automated Meta Prompting optimization algorithm.
166,Anticipatory Prompting,fagbohun2024,2.4 Meta-Cognition,anticipatory prompting,anticipatory_prompting,,Encourages the model to foresee and proactively address likely follow-up needs/questions.,EXCLUDED_OUT_OF_SCOPE,Not selected.
167,Prompt to Code,fagbohun2024,2.4 Meta-Cognition,prompt to code,prompt_to_code,,Instructs the LLM to generate functional code from a natural-language description.,EXCLUDED_OUT_OF_SCOPE,Task-type descriptor rather than a structural pattern; not selected.
168,Responsive Feedback Prompting,fagbohun2024,2.5 Directional/Feedback,responsive feedback prompting,responsive_feedback,,Incorporates user feedback on a prior output directly into the next prompt.,EXCLUDED_OUT_OF_SCOPE,Not selected; requires a prior output to react to (feedback-loop framing).
169,Directional Stimulus Prompting,fagbohun2024,2.5 Directional/Feedback,directional stimulus prompting,directional_stimulus,,Uses subtle hints/cues to nudge output in a desired direction without fully dictating it.,EXCLUDED_OUT_OF_SCOPE,Not selected.
170,Ambiguous Prompting,fagbohun2024,2.5 Directional/Feedback,ambiguous prompting,ambiguous_prompting,,"Deliberately vague/open-ended prompts to stimulate broad, creative, less-biased responses.",EXCLUDED_OUT_OF_SCOPE,Not selected.
171,Multimodal Prompting,fagbohun2024,2.6 Multimodal/Cross-Disc.,multimodal prompting,multimodal_prompting,,"Combines multiple input modalities (text, image, audio, video) in a single prompt.",EXCLUDED_OUT_OF_SCOPE,Modality-specific; out of scope for text-pattern catalog.
172,Cross-disciplinary Prompting,fagbohun2024,2.6 Multimodal/Cross-Disc.,cross disciplinary prompting,cross_disciplinary,,Blends knowledge from multiple separate disciplines/domains to generate interdisciplinary insight.,EXCLUDED_OUT_OF_SCOPE,Not selected.
173,"Historical Context, Visual, and Modular Prompting",fagbohun2024,2.6 Multimodal/Cross-Disc.,historical context visual and modular prompting,historical_visual_modular,,"Bundles historical-context framing, visual elements, and modular/component-based prompt structure.",EXCLUDED_OUT_OF_SCOPE,Bundled minor sub-techniques; none individually selected.
174,Flipped Interaction Prompting,fagbohun2024,2.7 Creative/Generative,flipped interaction prompting,flipped_interaction,FlippedInteraction,Reverses the conventional dynamic so the model asks the user questions instead of answering directly.,INCLUDED,Pass-2 exact-name+concept multi-paper duplicate (also White).
175,Grammar Correction,fagbohun2024,2.7 Creative/Generative,grammar correction,grammar_correction,,"Instructs the LLM to identify/correct grammar, tone, and clarity issues in user-supplied text.",EXCLUDED_OUT_OF_SCOPE,Task-type descriptor; not selected.
176,Constrained Vocabulary Prompting,fagbohun2024,2.7 Creative/Generative,constrained vocabulary prompting,constrained_vocabulary,,Restricts the model's output to a specific/defined vocabulary or terminology set.,EXCLUDED_OUT_OF_SCOPE,Not selected; conceptually close to SchemaSpecs/Template output-constraint family but kept distinct & excluded.
